{
  "experiment": "exp5_correlation_guided_ensemble",
  "best_strategy": "max_rank_top3",
  "validation_auprc": 0.2930698106494153,
  "validation_auroc": 0.6608023641231906,
  "n_detectors": 10,
  "detectors_used": [
    "lof_k5",
    "lof_k7",
    "lof_k10",
    "cluster_lof",
    "kdist_k3",
    "kdist_k5",
    "kdist_k7",
    "kdist_k9",
    "iforest",
    "pca_recon"
  ],
  "individual_auprc": {
    "lof_k5": 0.2988071631419905,
    "lof_k7": 0.2965488514329313,
    "lof_k10": 0.29434183336090136,
    "cluster_lof": 0.28809524376629825,
    "kdist_k3": 0.19485922278690238,
    "kdist_k5": 0.19293318073091145,
    "kdist_k7": 0.1904319838319467,
    "kdist_k9": 0.1890284921259132,
    "iforest": 0.1817400350896582,
    "pca_recon": 0.17421643922807672
  },
  "strategy_performance": {
    "wavg_rank": {
      "auprc": 0.2542587721740366,
      "auroc": 0.6445361125860476
    },
    "max_rank": {
      "auprc": 0.2391593265029817,
      "auroc": 0.6201163554506681
    },
    "max_rank_top3": {
      "auprc": 0.2930698106494153,
      "auroc": 0.6608023641231906
    },
    "wavg_prob": {
      "auprc": 0.24585044143347515,
      "auroc": 0.642689495433187
    },
    "noisy_or": {
      "auprc": 0.24254819755105209,
      "auroc": 0.6368334812116856
    }
  }
}